<?xml version="1.0" encoding="UTF-8"?>
<project-private xmlns="http://www.netbeans.org/ns/project-private/1">
    <editor-bookmarks xmlns="http://www.netbeans.org/ns/editor-bookmarks/2" lastBookmarkId="0"/>
    <open-files xmlns="http://www.netbeans.org/ns/projectui-open-files/2">
        <group>
            <file>file:/C:/Users/Wren%20Montero%20Javier/Downloads/Simple%20Ordering%20System%20in%20Java/Simple%20Ordering%20System%20in%20Java/src/restaurantsystem/component/item/ItemManagement.java</file>
            <file>file:/C:/Users/Wren%20Montero%20Javier/Downloads/Simple%20Ordering%20System%20in%20Java/Simple%20Ordering%20System%20in%20Java/src/restaurantsystem/component/item/ViewItem.java</file>
            <file>file:/C:/Users/Wren%20Montero%20Javier/Downloads/Simple%20Ordering%20System%20in%20Java/Simple%20Ordering%20System%20in%20Java/src/restaurantsystem/component/labour/LabourManagement.java</file>
            <file>file:/C:/Users/Wren%20Montero%20Javier/Downloads/Simple%20Ordering%20System%20in%20Java/Simple%20Ordering%20System%20in%20Java/src/restaurantsystem/model/Order.java</file>
            <file>file:/C:/Users/Wren%20Montero%20Javier/Downloads/Simple%20Ordering%20System%20in%20Java/Simple%20Ordering%20System%20in%20Java/src/restaurantsystem/component/billing/BillingManagement.java</file>
            <file>file:/C:/Users/Wren%20Montero%20Javier/Downloads/Simple%20Ordering%20System%20in%20Java/Simple%20Ordering%20System%20in%20Java/src/restaurantsystem/model/Reciept.java</file>
            <file>file:/C:/Users/Wren%20Montero%20Javier/Downloads/Simple%20Ordering%20System%20in%20Java/Simple%20Ordering%20System%20in%20Java/src/restaurantsystem/service/OrderService.java</file>
            <file>file:/C:/Users/Wren%20Montero%20Javier/Downloads/Simple%20Ordering%20System%20in%20Java/Simple%20Ordering%20System%20in%20Java/src/restaurantsystem/component/order/OrderManagement.java</file>
            <file>file:/C:/Users/Wren%20Montero%20Javier/Downloads/Simple%20Ordering%20System%20in%20Java/Simple%20Ordering%20System%20in%20Java/src/restaurantsystem/component/item/UpdateItem.java</file>
            <file>file:/C:/Users/Wren%20Montero%20Javier/Downloads/Simple%20Ordering%20System%20in%20Java/Simple%20Ordering%20System%20in%20Java/src/restaurantsystem/component/item/AddItem.java</file>
            <file>file:/C:/Users/Wren%20Montero%20Javier/Downloads/Simple%20Ordering%20System%20in%20Java/Simple%20Ordering%20System%20in%20Java/src/restaurantsystem/component/labour/ViewLabour.java</file>
            <file>file:/C:/Users/Wren%20Montero%20Javier/Downloads/Simple%20Ordering%20System%20in%20Java/Simple%20Ordering%20System%20in%20Java/src/restaurantsystem/component/item/inventory_frm.java</file>
            <file>file:/C:/Users/Wren%20Montero%20Javier/Downloads/Simple%20Ordering%20System%20in%20Java/Simple%20Ordering%20System%20in%20Java/src/restaurantsystem/component/billing/BillingHelper.java</file>
            <file>file:/C:/Users/Wren%20Montero%20Javier/Downloads/Simple%20Ordering%20System%20in%20Java/Simple%20Ordering%20System%20in%20Java/src/restaurantsystem/MainMenu.java</file>
            <file>file:/C:/Users/Wren%20Montero%20Javier/Downloads/Simple%20Ordering%20System%20in%20Java/Simple%20Ordering%20System%20in%20Java/src/restaurantsystem/component/auth/Login.java</file>
            <file>file:/C:/Users/Wren%20Montero%20Javier/Downloads/Simple%20Ordering%20System%20in%20Java/Simple%20Ordering%20System%20in%20Java/src/restaurantsystem/model/Item.java</file>
            <file>file:/C:/Users/Wren%20Montero%20Javier/Downloads/Simple%20Ordering%20System%20in%20Java/Simple%20Ordering%20System%20in%20Java/src/restaurantsystem/component/labour/AddLabour.java</file>
            <file>file:/C:/Users/Wren%20Montero%20Javier/Downloads/Simple%20Ordering%20System%20in%20Java/Simple%20Ordering%20System%20in%20Java/src/restaurantsystem/model/CartItem.java</file>
            <file>file:/C:/Users/Wren%20Montero%20Javier/Downloads/Simple%20Ordering%20System%20in%20Java/Simple%20Ordering%20System%20in%20Java/src/restaurantsystem/service/LabourService.java</file>
            <file>file:/C:/Users/Wren%20Montero%20Javier/Downloads/Simple%20Ordering%20System%20in%20Java/Simple%20Ordering%20System%20in%20Java/src/restaurantsystem/model/OrderLine.java</file>
            <file>file:/C:/Users/Wren%20Montero%20Javier/Downloads/Simple%20Ordering%20System%20in%20Java/Simple%20Ordering%20System%20in%20Java/src/restaurantsystem/model/Cart.java</file>
            <file>file:/C:/Users/Wren%20Montero%20Javier/Downloads/Simple%20Ordering%20System%20in%20Java/Simple%20Ordering%20System%20in%20Java/src/restaurantsystem/component/order/History.java</file>
            <file>file:/C:/Users/Wren%20Montero%20Javier/Downloads/Simple%20Ordering%20System%20in%20Java/Simple%20Ordering%20System%20in%20Java/src/restaurantsystem/service/ItemService.java</file>
            <file>file:/C:/Users/Wren%20Montero%20Javier/Downloads/Simple%20Ordering%20System%20in%20Java/Simple%20Ordering%20System%20in%20Java/src/restaurantsystem/component/item/DeleteItem.java</file>
            <file>file:/C:/Users/Wren%20Montero%20Javier/Downloads/Simple%20Ordering%20System%20in%20Java/Simple%20Ordering%20System%20in%20Java/src/restaurantsystem/model/Labour.java</file>
        </group>
    </open-files>
</project-private>
